Date,Year,Month,Company_Name,P_Life_Adoption_Pct,Virgin_Packaging_Tonnes,Baseline_Unmanaged_Leakage_Tonnes,Abated_Pollution_Tonnes,Net_Persistent_Leakage_Tonnes
2026-09-01,2026,9,Coca-Cola Beverages SA,5.69,824.5,119.55,5.78,113.77
2026-09-01,2026,9,Shoprite Group,5.69,659.6,79.15,3.83,75.32
2026-09-01,2026,9,Pick n Pay,5.69,504.4,60.53,2.93,57.6
2026-09-01,2026,9,Tiger Brands,5.69,582.0,87.3,4.22,83.08
2026-09-01,2026,9,Clover SA,5.69,436.5,58.93,2.85,56.08
2026-09-01,2026,9,Woolworths,5.69,368.6,35.02,1.69,33.32
2026-10-01,2026,10,Coca-Cola Beverages SA,7.15,858.5,124.48,7.57,116.92
2026-10-01,2026,10,Shoprite Group,7.15,686.8,82.42,5.01,77.41
2026-10-01,2026,10,Pick n Pay,7.15,525.2,63.02,3.83,59.19
2026-10-01,2026,10,Tiger Brands,7.15,606.0,90.9,5.53,85.37
2026-10-01,2026,10,Clover SA,7.15,454.5,61.36,3.73,57.63
2026-10-01,2026,10,Woolworths,7.15,383.8,36.46,2.22,34.24
2026-11-01,2026,11,Coca-Cola Beverages SA,8.94,884.0,128.18,9.74,118.44
2026-11-01,2026,11,Shoprite Group,8.94,707.2,84.86,6.45,78.42
2026-11-01,2026,11,Pick n Pay,8.94,540.8,64.9,4.93,59.96
2026-11-01,2026,11,Tiger Brands,8.94,624.0,93.6,7.11,86.49
2026-11-01,2026,11,Clover SA,8.94,468.0,63.18,4.8,58.38
2026-11-01,2026,11,Woolworths,8.94,395.2,37.54,2.85,34.69
2026-12-01,2026,12,Coca-Cola Beverages SA,11.1,875.5,126.95,11.98,114.97
2026-12-01,2026,12,Shoprite Group,11.1,700.4,84.05,7.93,76.12
2026-12-01,2026,12,Pick n Pay,11.1,535.6,64.27,6.07,58.21
2026-12-01,2026,12,Tiger Brands,11.1,618.0,92.7,8.75,83.95
2026-12-01,2026,12,Clover SA,11.1,463.5,62.57,5.91,56.67
2026-12-01,2026,12,Woolworths,11.1,391.4,37.18,3.51,33.67
2027-01-01,2027,1,Coca-Cola Beverages SA,13.68,807.5,117.09,13.62,103.47
2027-01-01,2027,1,Shoprite Group,13.68,646.0,77.52,9.02,68.5
2027-01-01,2027,1,Pick n Pay,13.68,494.0,59.28,6.89,52.39
2027-01-01,2027,1,Tiger Brands,13.68,570.0,85.5,9.94,75.56
2027-01-01,2027,1,Clover SA,13.68,427.5,57.71,6.71,51.0
2027-01-01,2027,1,Woolworths,13.68,361.0,34.3,3.99,30.31
2027-02-01,2027,2,Coca-Cola Beverages SA,16.7,833.0,120.79,17.15,103.64
2027-02-01,2027,2,Shoprite Group,16.7,666.4,79.97,11.35,68.61
2027-02-01,2027,2,Pick n Pay,16.7,509.6,61.15,8.68,52.47
2027-02-01,2027,2,Tiger Brands,16.7,588.0,88.2,12.52,75.68
2027-02-01,2027,2,Clover SA,16.7,441.0,59.54,8.45,51.08
2027-02-01,2027,2,Woolworths,16.7,372.4,35.38,5.02,30.36
2027-03-01,2027,3,Coca-Cola Beverages SA,20.17,867.0,125.72,21.55,104.16
2027-03-01,2027,3,Shoprite Group,20.17,693.6,83.23,14.27,68.96
2027-03-01,2027,3,Pick n Pay,20.17,530.4,63.65,10.91,52.74
2027-03-01,2027,3,Tiger Brands,20.17,612.0,91.8,15.74,76.06
2027-03-01,2027,3,Clover SA,20.17,459.0,61.97,10.62,51.34
2027-03-01,2027,3,Woolworths,20.17,387.6,36.82,6.31,30.51
2027-04-01,2027,4,Coca-Cola Beverages SA,24.06,918.0,133.11,27.22,105.89
2027-04-01,2027,4,Shoprite Group,24.06,734.4,88.13,18.02,70.1
2027-04-01,2027,4,Pick n Pay,24.06,561.6,67.39,13.78,53.61
2027-04-01,2027,4,Tiger Brands,24.06,648.0,97.2,19.88,77.32
2027-04-01,2027,4,Clover SA,24.06,486.0,65.61,13.42,52.19
2027-04-01,2027,4,Woolworths,24.06,410.4,38.99,7.97,31.01
2027-05-01,2027,5,Coca-Cola Beverages SA,28.32,977.5,141.74,34.11,107.62
2027-05-01,2027,5,Shoprite Group,28.32,782.0,93.84,22.59,71.25
2027-05-01,2027,5,Pick n Pay,28.32,598.0,71.76,17.27,54.49
2027-05-01,2027,5,Tiger Brands,28.32,690.0,103.5,24.91,78.59
2027-05-01,2027,5,Clover SA,28.32,517.5,69.86,16.81,53.05
2027-05-01,2027,5,Woolworths,28.32,437.0,41.52,9.99,31.52
2027-06-01,2027,6,Coca-Cola Beverages SA,32.84,782.0,113.39,31.65,81.74
2027-06-01,2027,6,Shoprite Group,32.84,625.6,75.07,20.95,54.12
2027-06-01,2027,6,Pick n Pay,32.84,478.4,57.41,16.02,41.38
2027-06-01,2027,6,Tiger Brands,32.84,552.0,82.8,23.11,59.69
2027-06-01,2027,6,Clover SA,32.84,414.0,55.89,15.6,40.29
2027-06-01,2027,6,Woolworths,32.84,349.6,33.21,9.27,23.94
2027-07-01,2027,7,Coca-Cola Beverages SA,37.5,773.5,112.16,35.75,76.41
2027-07-01,2027,7,Shoprite Group,37.5,618.8,74.26,23.67,50.59
2027-07-01,2027,7,Pick n Pay,37.5,473.2,56.78,18.1,38.68
2027-07-01,2027,7,Tiger Brands,37.5,546.0,81.9,26.11,55.79
2027-07-01,2027,7,Clover SA,37.5,409.5,55.28,17.62,37.66
2027-07-01,2027,7,Woolworths,37.5,345.8,32.85,10.47,22.38
2027-08-01,2027,8,Coca-Cola Beverages SA,42.16,799.0,115.85,41.52,74.33
2027-08-01,2027,8,Shoprite Group,42.16,639.2,76.7,27.49,49.21
2027-08-01,2027,8,Pick n Pay,42.16,488.8,58.66,21.02,37.63
2027-08-01,2027,8,Tiger Brands,42.16,564.0,84.6,30.32,54.28
2027-08-01,2027,8,Clover SA,42.16,423.0,57.1,20.47,36.64
2027-08-01,2027,8,Woolworths,42.16,357.2,33.93,12.16,21.77
2027-09-01,2027,9,Coca-Cola Beverages SA,46.68,824.5,119.55,47.44,72.11
2027-09-01,2027,9,Shoprite Group,46.68,659.6,79.15,31.41,47.74
2027-09-01,2027,9,Pick n Pay,46.68,504.4,60.53,24.02,36.51
2027-09-01,2027,9,Tiger Brands,46.68,582.0,87.3,34.64,52.66
2027-09-01,2027,9,Clover SA,46.68,436.5,58.93,23.38,35.54
2027-09-01,2027,9,Woolworths,46.68,368.6,35.02,13.9,21.12
2027-10-01,2027,10,Coca-Cola Beverages SA,50.94,858.5,124.48,53.9,70.58
2027-10-01,2027,10,Shoprite Group,50.94,686.8,82.42,35.68,46.73
2027-10-01,2027,10,Pick n Pay,50.94,525.2,63.02,27.29,35.74
2027-10-01,2027,10,Tiger Brands,50.94,606.0,90.9,39.36,51.54
2027-10-01,2027,10,Clover SA,50.94,454.5,61.36,26.57,34.79
2027-10-01,2027,10,Woolworths,50.94,383.8,36.46,15.79,20.67
2027-11-01,2027,11,Coca-Cola Beverages SA,54.83,884.0,128.18,59.74,68.44
2027-11-01,2027,11,Shoprite Group,54.83,707.2,84.86,39.55,45.31
2027-11-01,2027,11,Pick n Pay,54.83,540.8,64.9,30.24,34.65
2027-11-01,2027,11,Tiger Brands,54.83,624.0,93.6,43.62,49.98
2027-11-01,2027,11,Clover SA,54.83,468.0,63.18,29.45,33.73
2027-11-01,2027,11,Woolworths,54.83,395.2,37.54,17.5,20.05
2027-12-01,2027,12,Coca-Cola Beverages SA,58.3,875.5,126.95,62.91,64.04
2027-12-01,2027,12,Shoprite Group,58.3,700.4,84.05,41.65,42.4
2027-12-01,2027,12,Pick n Pay,58.3,535.6,64.27,31.85,32.42
2027-12-01,2027,12,Tiger Brands,58.3,618.0,92.7,45.94,46.76
2027-12-01,2027,12,Clover SA,58.3,463.5,62.57,31.01,31.57
2027-12-01,2027,12,Woolworths,58.3,391.4,37.18,18.43,18.76
2028-01-01,2028,1,Coca-Cola Beverages SA,61.32,807.5,117.09,61.03,56.06
2028-01-01,2028,1,Shoprite Group,61.32,646.0,77.52,40.4,37.12
2028-01-01,2028,1,Pick n Pay,61.32,494.0,59.28,30.9,28.38
2028-01-01,2028,1,Tiger Brands,61.32,570.0,85.5,44.56,40.94
2028-01-01,2028,1,Clover SA,61.32,427.5,57.71,30.08,27.63
2028-01-01,2028,1,Woolworths,61.32,361.0,34.3,17.87,16.42
2028-02-01,2028,2,Coca-Cola Beverages SA,63.9,833.0,120.79,65.6,55.18
2028-02-01,2028,2,Shoprite Group,63.9,666.4,79.97,43.43,36.54
2028-02-01,2028,2,Pick n Pay,63.9,509.6,61.15,33.21,27.94
2028-02-01,2028,2,Tiger Brands,63.9,588.0,88.2,47.9,40.3
2028-02-01,2028,2,Clover SA,63.9,441.0,59.54,32.33,27.2
2028-02-01,2028,2,Woolworths,63.9,372.4,35.38,19.21,16.16
2028-03-01,2028,3,Coca-Cola Beverages SA,66.06,867.0,125.72,70.59,55.13
2028-03-01,2028,3,Shoprite Group,66.06,693.6,83.23,46.74,36.5
2028-03-01,2028,3,Pick n Pay,66.06,530.4,63.65,35.74,27.91
2028-03-01,2028,3,Tiger Brands,66.06,612.0,91.8,51.55,40.25
2028-03-01,2028,3,Clover SA,66.06,459.0,61.97,34.79,27.17
2028-03-01,2028,3,Woolworths,66.06,387.6,36.82,20.68,16.15
2028-04-01,2028,4,Coca-Cola Beverages SA,67.85,918.0,133.11,76.77,56.34
2028-04-01,2028,4,Shoprite Group,67.85,734.4,88.13,50.82,37.3
2028-04-01,2028,4,Pick n Pay,67.85,561.6,67.39,38.87,28.53
2028-04-01,2028,4,Tiger Brands,67.85,648.0,97.2,56.06,41.14
2028-04-01,2028,4,Clover SA,67.85,486.0,65.61,37.84,27.77
2028-04-01,2028,4,Woolworths,67.85,410.4,38.99,22.48,16.5
2028-05-01,2028,5,Coca-Cola Beverages SA,69.31,977.5,141.74,83.5,58.23
2028-05-01,2028,5,Shoprite Group,69.31,782.0,93.84,55.28,38.56
2028-05-01,2028,5,Pick n Pay,69.31,598.0,71.76,42.28,29.48
2028-05-01,2028,5,Tiger Brands,69.31,690.0,103.5,60.98,42.52
2028-05-01,2028,5,Clover SA,69.31,517.5,69.86,41.16,28.7
2028-05-01,2028,5,Woolworths,69.31,437.0,41.52,24.46,17.06
2028-06-01,2028,6,Coca-Cola Beverages SA,70.49,782.0,113.39,67.94,45.45
2028-06-01,2028,6,Shoprite Group,70.49,625.6,75.07,44.98,30.09
2028-06-01,2028,6,Pick n Pay,70.49,478.4,57.41,34.4,23.01
2028-06-01,2028,6,Tiger Brands,70.49,552.0,82.8,49.61,33.19
2028-06-01,2028,6,Clover SA,70.49,414.0,55.89,33.49,22.4
2028-06-01,2028,6,Woolworths,70.49,349.6,33.21,19.9,13.31
2028-07-01,2028,7,Coca-Cola Beverages SA,71.44,773.5,112.16,68.11,44.05
2028-07-01,2028,7,Shoprite Group,71.44,618.8,74.26,45.09,29.16
2028-07-01,2028,7,Pick n Pay,71.44,473.2,56.78,34.48,22.3
2028-07-01,2028,7,Tiger Brands,71.44,546.0,81.9,49.74,32.16
2028-07-01,2028,7,Clover SA,71.44,409.5,55.28,33.57,21.71
2028-07-01,2028,7,Woolworths,71.44,345.8,32.85,19.95,12.9
2028-08-01,2028,8,Coca-Cola Beverages SA,72.2,799.0,115.85,71.1,44.75
2028-08-01,2028,8,Shoprite Group,72.2,639.2,76.7,47.07,29.63
2028-08-01,2028,8,Pick n Pay,72.2,488.8,58.66,36.0,22.66
2028-08-01,2028,8,Tiger Brands,72.2,564.0,84.6,51.92,32.68
2028-08-01,2028,8,Clover SA,72.2,423.0,57.1,35.05,22.06
2028-08-01,2028,8,Woolworths,72.2,357.2,33.93,20.83,13.11
